<?xml version="1.0" encoding="UTF-8"?>
<project-private xmlns="http://www.netbeans.org/ns/project-private/1">
    <editor-bookmarks xmlns="http://www.netbeans.org/ns/editor-bookmarks/2" lastBookmarkId="0"/>
    <open-files xmlns="http://www.netbeans.org/ns/projectui-open-files/2">
        <group>
            <file>file:/E:/Project%20(Box%20Office%20Simulation%20for%20Ticket%20Booking)/BOTBS/src/Login_Screen.java</file>
            <file>file:/E:/Project%20(Box%20Office%20Simulation%20for%20Ticket%20Booking)/BOTBS/src/UpdateDetails.java</file>
            <file>file:/E:/Project%20(Box%20Office%20Simulation%20for%20Ticket%20Booking)/BOTBS/src/Book_Ticket.java</file>
            <file>file:/E:/Project%20(Box%20Office%20Simulation%20for%20Ticket%20Booking)/BOTBS/src/Pay_Bill.java</file>
            <file>file:/E:/Project%20(Box%20Office%20Simulation%20for%20Ticket%20Booking)/BOTBS/src/Coming_Soon.java</file>
            <file>file:/E:/Project%20(Box%20Office%20Simulation%20for%20Ticket%20Booking)/BOTBS/src/Home_Screen.java</file>
            <file>file:/E:/Project%20(Box%20Office%20Simulation%20for%20Ticket%20Booking)/BOTBS/src/Home_Form2.java</file>
        </group>
    </open-files>
</project-private>
